filename,y_true,y_pred,prob_pred
adapter_plate_triangular000006.jpg,0,7,0.6534876
adapter_plate_triangular000203.jpg,0,7,0.9333853
adapter_plate_triangular000208.jpg,0,7,0.8394942
adapter_plate_triangular000210.jpg,0,5,0.5203433
adapter_plate_triangular000213.jpg,0,7,0.69896996
adapter_plate_triangular000218.jpg,0,7,0.6671826
adapter_plate_triangular000409.jpg,0,7,0.88511306
adapter_plate_triangular000416.jpg,0,2,0.88163835
adapter_plate_triangular000602.jpg,0,2,0.9218988
adapter_plate_triangular000609.jpg,0,9,0.5461051
adapter_plate_triangular000615.jpg,0,9,0.47090766
adapter_plate_triangular000803.jpg,0,1,0.992011
adapter_plate_triangular000804.jpg,0,7,0.99069256
adapter_plate_triangular001001.jpg,0,5,0.9544913
adapter_plate_triangular001003.jpg,0,7,0.74798197
adapter_plate_triangular001013.jpg,0,5,0.5042731
adapter_plate_triangular001201.jpg,0,7,0.82704306
adapter_plate_triangular001202.jpg,0,7,0.58685905
adapter_plate_triangular001209.jpg,0,1,0.56576616
adapter_plate_triangular001211.jpg,0,7,0.849908
adapter_plate_triangular001214.jpg,0,5,0.44603884
adapter_plate_triangular001404.jpg,0,7,0.71659267
adapter_plate_triangular001408.jpg,0,7,0.7807417
adapter_plate_triangular001413.jpg,0,5,0.53845346
adapter_plate_triangular001416.jpg,0,7,0.8122901
adapter_plate_triangular001600.jpg,0,4,0.7605785
adapter_plate_triangular001605.jpg,0,7,0.5050899
adapter_plate_triangular001607.jpg,0,5,0.9713674
adapter_plate_triangular001609.jpg,0,7,0.9474124
adapter_plate_triangular001615.jpg,0,2,0.9497083
adapter_plate_triangular001617.jpg,0,7,0.58811176
adapter_plate_triangular001619.jpg,0,7,0.67766654
adapter_plate_triangular001809.jpg,0,8,0.55745345
adapter_plate_triangular001812.jpg,0,2,0.8105188
adapter_plate_triangular001813.jpg,0,5,0.66848373
adapter_plate_triangular001814.jpg,0,2,0.72486174
adapter_plate_triangular002006.jpg,0,2,0.3912301
adapter_plate_triangular002007.jpg,0,7,0.9388639
adapter_plate_triangular002019.jpg,0,5,0.92640835
adapter_plate_triangular002202.jpg,0,7,0.88662106
adapter_plate_triangular002211.jpg,0,1,0.604525
adapter_plate_triangular002402.jpg,0,5,0.5817515
adapter_plate_triangular002406.jpg,0,5,0.5361079
adapter_plate_triangular002409.jpg,0,5,0.5969051
adapter_plate_triangular002600.jpg,0,7,0.49246976
adapter_plate_triangular002603.jpg,0,7,0.6716202
adapter_plate_triangular002606.jpg,0,1,0.7324171
adapter_plate_triangular002610.jpg,0,7,0.6268009
adapter_plate_triangular002611.jpg,0,2,0.4241714
adapter_plate_triangular002807.jpg,0,7,0.9651523
adapter_plate_triangular002809.jpg,0,7,0.36778972
adapter_plate_triangular002810.jpg,0,2,0.64214724
adapter_plate_triangular002811.jpg,0,5,0.4354381
adapter_plate_triangular003000.jpg,0,7,0.6778621
adapter_plate_triangular003208.jpg,0,2,0.9961079
adapter_plate_triangular003210.jpg,0,2,0.45377177
adapter_plate_triangular003414.jpg,0,2,0.55049914
adapter_plate_triangular003417.jpg,0,7,0.8583411
adapter_plate_triangular003803.jpg,0,7,0.9054879
adapter_plate_triangular003805.jpg,0,2,0.39232415
adapter_plate_triangular003809.jpg,0,7,0.78514075
adapter_plate_triangular003810.jpg,0,5,0.7753178
adapter_plate_triangular004000.jpg,0,5,0.5712079
adapter_plate_triangular004013.jpg,0,2,0.9494743
adapter_plate_triangular004200.jpg,0,1,0.4532465
adapter_plate_triangular004205.jpg,0,7,0.99364024
adapter_plate_triangular004206.jpg,0,1,0.99574023
adapter_plate_triangular004211.jpg,0,2,0.5593183
adapter_plate_triangular004219.jpg,0,7,0.819083
adapter_plate_triangular004403.jpg,0,2,0.72908574
adapter_plate_triangular004405.jpg,0,1,0.9759099
adapter_plate_triangular004410.jpg,0,7,0.94607526
adapter_plate_triangular004416.jpg,0,7,0.982518
adapter_plate_triangular004603.jpg,0,5,0.57821184
adapter_plate_triangular004606.jpg,0,7,0.67406964
adapter_plate_triangular004609.jpg,0,5,0.3966496
adapter_plate_triangular004615.jpg,0,7,0.96191704
adapter_plate_triangular004617.jpg,0,7,0.88975006
adapter_plate_triangular004618.jpg,0,7,0.9960472
adapter_plate_triangular004806.jpg,0,2,0.56757677
adapter_plate_triangular004817.jpg,0,2,0.4670144
adapter_plate_triangular005010.jpg,0,7,0.70094764
adapter_plate_triangular005011.jpg,0,7,0.85766405
adapter_plate_triangular005018.jpg,0,9,0.9051258
adapter_plate_triangular005207.jpg,0,7,0.6763791
adapter_plate_triangular005209.jpg,0,5,0.92718726
adapter_plate_triangular005218.jpg,0,9,0.45907623
adapter_plate_triangular005410.jpg,0,5,0.40365374
adapter_plate_triangular005601.jpg,0,7,0.99087757
adapter_plate_triangular005606.jpg,0,6,0.4960805
adapter_plate_triangular005607.jpg,0,7,0.67522967
adapter_plate_triangular005614.jpg,0,7,0.50496644
adapter_plate_triangular005615.jpg,0,5,0.77509063
adapter_plate_triangular005618.jpg,0,5,0.5145249
adapter_plate_triangular005803.jpg,0,5,0.45983803
adapter_plate_triangular005814.jpg,0,4,0.34445354
adapter_plate_triangular005815.jpg,0,7,0.6706113
adapter_plate_triangular005818.jpg,0,7,0.8482813
adapter_plate_triangular006007.jpg,0,1,0.57702047
adapter_plate_triangular006008.jpg,0,5,0.6118757
adapter_plate_triangular006214.jpg,0,5,0.73666245
adapter_plate_triangular006218.jpg,0,7,0.78057206
adapter_plate_triangular006617.jpg,0,5,0.86398584
adapter_plate_triangular006810.jpg,0,9,0.59630585
adapter_plate_triangular006814.jpg,0,9,0.9951305
adapter_plate_triangular007017.jpg,0,7,0.82407045
adapter_plate_triangular007018.jpg,0,7,0.7125336
adapter_plate_triangular007203.jpg,0,7,0.9195679
adapter_plate_triangular007209.jpg,0,7,0.8777961
adapter_plate_triangular007214.jpg,0,5,0.6718763
adapter_plate_triangular007407.jpg,0,7,0.818686
adapter_plate_triangular007410.jpg,0,7,0.9972447
adapter_plate_triangular007610.jpg,0,2,0.32436156
adapter_plate_triangular007812.jpg,0,7,0.6328969
adapter_plate_triangular007815.jpg,0,2,0.5473579
adapter_plate_triangular007817.jpg,0,5,0.55414355
adapter_plate_triangular008009.jpg,0,7,0.9106946
adapter_plate_triangular008204.jpg,0,2,0.98124355
adapter_plate_triangular008210.jpg,0,1,0.91995066
adapter_plate_triangular008213.jpg,0,2,0.8131125
adapter_plate_triangular008401.jpg,0,1,0.6472973
adapter_plate_triangular008408.jpg,0,7,0.9969311
adapter_plate_triangular008410.jpg,0,1,0.90213436
adapter_plate_triangular008411.jpg,0,1,0.55880564
adapter_plate_triangular008418.jpg,0,1,0.9483616
adapter_plate_triangular008601.jpg,0,2,0.8890471
adapter_plate_triangular008605.jpg,0,5,0.70214677
adapter_plate_triangular008617.jpg,0,7,0.40164948
adapter_plate_triangular009007.jpg,0,2,0.74851495
adapter_plate_triangular009011.jpg,0,7,0.7573126
adapter_plate_triangular009016.jpg,0,7,0.5045677
adapter_plate_triangular009202.jpg,0,2,0.9315091
adapter_plate_triangular009208.jpg,0,7,0.9155721
adapter_plate_triangular009217.jpg,0,6,0.6444182
adapter_plate_triangular009403.jpg,0,6,0.9837251
adapter_plate_triangular009404.jpg,0,1,0.620721
adapter_plate_triangular009407.jpg,0,2,0.5771344
adapter_plate_triangular009600.jpg,0,7,0.9202292
adapter_plate_triangular009602.jpg,0,9,0.812806
adapter_plate_triangular009604.jpg,0,7,0.54285675
adapter_plate_triangular009608.jpg,0,9,0.49156466
adapter_plate_triangular009611.jpg,0,7,0.9949099
adapter_plate_triangular009615.jpg,0,2,0.60448605
adapter_plate_triangular009616.jpg,0,6,0.940383
adapter_plate_triangular009804.jpg,0,9,0.5075006
adapter_plate_triangular009805.jpg,0,7,0.5273769
adapter_plate_triangular009816.jpg,0,5,0.6225417
adapter_plate_triangular010009.jpg,0,7,0.9599135
adapter_plate_triangular010012.jpg,0,7,0.958607
adapter_plate_triangular010013.jpg,0,7,0.79549825
adapter_plate_triangular010207.jpg,0,5,0.4627571
adapter_plate_triangular010212.jpg,0,7,0.9027484
adapter_plate_triangular010213.jpg,0,5,0.49274376
adapter_plate_triangular010215.jpg,0,7,0.93371993
adapter_plate_triangular010217.jpg,0,7,0.95988965
adapter_plate_triangular010401.jpg,0,7,0.8243369
adapter_plate_triangular010404.jpg,0,7,0.41753858
adapter_plate_triangular010418.jpg,0,1,0.59850705
adapter_plate_triangular010611.jpg,0,5,0.59898573
adapter_plate_triangular010612.jpg,0,5,0.6386917
adapter_plate_triangular010812.jpg,0,6,0.51250607
adapter_plate_triangular010814.jpg,0,7,0.59405553
adapter_plate_triangular010819.jpg,0,7,0.7972984
adapter_plate_triangular011008.jpg,0,7,0.6953264
adapter_plate_triangular011013.jpg,0,2,0.60222894
adapter_plate_triangular011200.jpg,0,7,0.78670424
adapter_plate_triangular011202.jpg,0,5,0.94054455
adapter_plate_triangular011205.jpg,0,2,0.64281046
adapter_plate_triangular011215.jpg,0,1,0.4696472
adapter_plate_triangular011216.jpg,0,8,0.55658156
adapter_plate_triangular011218.jpg,0,7,0.860601
adapter_plate_triangular011402.jpg,0,2,0.49642116
adapter_plate_triangular011405.jpg,0,7,0.8318719
adapter_plate_triangular011409.jpg,0,2,0.8394278
adapter_plate_triangular011413.jpg,0,2,0.95051354
adapter_plate_triangular011414.jpg,0,6,0.91926473
adapter_plate_triangular011417.jpg,0,7,0.99397576
adapter_plate_triangular011601.jpg,0,6,0.8845995
adapter_plate_triangular011602.jpg,0,7,0.69736785
adapter_plate_triangular011610.jpg,0,7,0.96433216
adapter_plate_triangular011613.jpg,0,6,0.37572432
adapter_plate_triangular011617.jpg,0,9,0.77727234
adapter_plate_triangular011618.jpg,0,5,0.75963694
adapter_plate_triangular011801.jpg,0,2,0.672696
adapter_plate_triangular011809.jpg,0,7,0.973883
adapter_plate_triangular012007.jpg,0,7,0.803393
adapter_plate_triangular012008.jpg,0,2,0.7991614
adapter_plate_triangular012009.jpg,0,7,0.9606744
adapter_plate_triangular012012.jpg,0,7,0.97244465
adapter_plate_triangular012013.jpg,0,5,0.9836173
adapter_plate_triangular012017.jpg,0,6,0.65469044
adapter_plate_triangular012019.jpg,0,5,0.9043571
adapter_plate_triangular012217.jpg,0,2,0.58813405
adapter_plate_triangular012408.jpg,0,6,0.984784
adapter_plate_triangular012611.jpg,0,7,0.53112334
adapter_plate_triangular012613.jpg,0,7,0.7323407
adapter_plate_triangular012803.jpg,0,7,0.46708775
adapter_plate_triangular012808.jpg,0,2,0.4196298
adapter_plate_triangular013001.jpg,0,6,0.99036354
adapter_plate_triangular013008.jpg,0,7,0.75522876
adapter_plate_triangular013010.jpg,0,7,0.5095471
adapter_plate_triangular013202.jpg,0,1,0.8952561
adapter_plate_triangular013203.jpg,0,7,0.7837954
adapter_plate_triangular013204.jpg,0,7,0.9976641
adapter_plate_triangular013206.jpg,0,5,0.3103577
adapter_plate_triangular013207.jpg,0,2,0.8013144
adapter_plate_triangular013208.jpg,0,7,0.91334283
adapter_plate_triangular013209.jpg,0,2,0.85423213
adapter_plate_triangular013210.jpg,0,7,0.6083939
adapter_plate_triangular013214.jpg,0,7,0.60624605
adapter_plate_triangular013219.jpg,0,5,0.82284516
adapter_plate_triangular013405.jpg,0,7,0.46152106
adapter_plate_triangular013418.jpg,0,7,0.87287927
adapter_plate_triangular013419.jpg,0,7,0.4234887
adapter_plate_triangular013605.jpg,0,2,0.5885179
adapter_plate_triangular013610.jpg,0,5,0.56156576
adapter_plate_triangular013806.jpg,0,7,0.9814918
adapter_plate_triangular013817.jpg,0,7,0.7804656
adapter_plate_triangular014005.jpg,0,7,0.5427027
adapter_plate_triangular014010.jpg,0,7,0.4508519
adapter_plate_triangular014210.jpg,0,2,0.9219688
adapter_plate_triangular014212.jpg,0,1,0.7397994
adapter_plate_triangular014215.jpg,0,5,0.45186567
adapter_plate_triangular014402.jpg,0,2,0.7430745
adapter_plate_triangular014410.jpg,0,6,0.34099397
adapter_plate_triangular014413.jpg,0,2,0.76841724
adapter_plate_triangular014417.jpg,0,8,0.7382976
adapter_plate_triangular014605.jpg,0,7,0.9618177
adapter_plate_triangular014614.jpg,0,7,0.99159205
adapter_plate_triangular014801.jpg,0,2,0.662697
adapter_plate_triangular014805.jpg,0,7,0.50754297
adapter_plate_triangular014811.jpg,0,9,0.61274344
adapter_plate_triangular014815.jpg,0,9,0.8724756
adapter_plate_triangular014816.jpg,0,2,0.92425656
adapter_plate_triangular014819.jpg,0,2,0.98585385
adapter_plate_triangular015000.jpg,0,7,0.9595247
adapter_plate_triangular015004.jpg,0,7,0.9933909
adapter_plate_triangular015009.jpg,0,7,0.71040905
adapter_plate_triangular015017.jpg,0,7,0.85879683
adapter_plate_triangular015200.jpg,0,1,0.3954022
adapter_plate_triangular015401.jpg,0,7,0.91437364
adapter_plate_triangular015404.jpg,0,9,0.78348124
adapter_plate_triangular015406.jpg,0,7,0.95697427
adapter_plate_triangular015603.jpg,0,7,0.8904647
adapter_plate_triangular015605.jpg,0,5,0.8889788
adapter_plate_triangular015618.jpg,0,5,0.99570835
adapter_plate_triangular015809.jpg,0,2,0.9228954
adapter_plate_triangular015815.jpg,0,7,0.5052549
adapter_plate_triangular016000.jpg,0,7,0.54736376
adapter_plate_triangular016001.jpg,0,7,0.92479885
adapter_plate_triangular016009.jpg,0,7,0.74835026
adapter_plate_triangular016013.jpg,0,5,0.47970006
adapter_plate_triangular016015.jpg,0,7,0.57641
adapter_plate_triangular016016.jpg,0,7,0.753163
adapter_plate_triangular016017.jpg,0,5,0.8264517
adapter_plate_triangular016209.jpg,0,2,0.6994656
adapter_plate_triangular016216.jpg,0,7,0.8291865
adapter_plate_triangular016404.jpg,0,2,0.9978694
adapter_plate_triangular016405.jpg,0,5,0.56972045
adapter_plate_triangular016415.jpg,0,7,0.7970527
adapter_plate_triangular016600.jpg,0,2,0.6277506
adapter_plate_triangular016605.jpg,0,7,0.59498954
adapter_plate_triangular016607.jpg,0,1,0.7382771
adapter_plate_triangular016608.jpg,0,5,0.863591
adapter_plate_triangular016800.jpg,0,5,0.58107483
adapter_plate_triangular016809.jpg,0,1,0.87644273
adapter_plate_triangular016810.jpg,0,7,0.43729952
adapter_plate_triangular016813.jpg,0,8,0.8696052
adapter_plate_triangular017004.jpg,0,5,0.552425
adapter_plate_triangular017008.jpg,0,7,0.9096685
adapter_plate_triangular017011.jpg,0,7,0.8947838
adapter_plate_triangular017012.jpg,0,7,0.7498149
adapter_plate_triangular017016.jpg,0,7,0.6777558
adapter_plate_triangular017017.jpg,0,2,0.9873782
adapter_plate_triangular017207.jpg,0,5,0.9195731
adapter_plate_triangular017211.jpg,0,5,0.766887
adapter_plate_triangular017217.jpg,0,7,0.7401566
adapter_plate_triangular017402.jpg,0,7,0.59706914
adapter_plate_triangular017409.jpg,0,5,0.75061995
adapter_plate_triangular017410.jpg,0,7,0.498685
adapter_plate_triangular017604.jpg,0,7,0.7695892
adapter_plate_triangular017613.jpg,0,6,0.49442223
adapter_plate_triangular017800.jpg,0,7,0.91318244
adapter_plate_triangular018000.jpg,0,2,0.64124894
adapter_plate_triangular018001.jpg,0,6,0.88844633
adapter_plate_triangular018003.jpg,0,1,0.99192727
adapter_plate_triangular018016.jpg,0,1,0.49229914
adapter_plate_triangular018206.jpg,0,6,0.95751643
adapter_plate_triangular018211.jpg,0,2,0.50804454
adapter_plate_triangular018218.jpg,0,5,0.6614436
adapter_plate_triangular018219.jpg,0,1,0.66189384
adapter_plate_triangular018411.jpg,0,2,0.47386673
adapter_plate_triangular018414.jpg,0,7,0.83066094
adapter_plate_triangular018600.jpg,0,7,0.7042774
adapter_plate_triangular018605.jpg,0,2,0.48929018
adapter_plate_triangular018608.jpg,0,8,0.4803829
adapter_plate_triangular018613.jpg,0,7,0.8324309
adapter_plate_triangular018807.jpg,0,5,0.83462644
adapter_plate_triangular018808.jpg,0,1,0.9392936
adapter_plate_triangular018818.jpg,0,7,0.5635088
adapter_plate_triangular019000.jpg,0,5,0.7521535
adapter_plate_triangular019001.jpg,0,7,0.5390171
adapter_plate_triangular019005.jpg,0,7,0.4225916
adapter_plate_triangular019009.jpg,0,7,0.9325756
adapter_plate_triangular019012.jpg,0,7,0.8264779
adapter_plate_triangular019200.jpg,0,2,0.6945545
adapter_plate_triangular019205.jpg,0,5,0.7896466
adapter_plate_triangular019209.jpg,0,7,0.95410746
adapter_plate_triangular019214.jpg,0,7,0.54648733
adapter_plate_triangular019215.jpg,0,7,0.93495405
adapter_plate_triangular019413.jpg,0,7,0.7125293
adapter_plate_triangular019418.jpg,0,2,0.82734996
adapter_plate_triangular019805.jpg,0,7,0.52407527
adapter_plate_triangular019813.jpg,0,2,0.83615804
bracket_big000425.jpg,1,2,0.43888065
bracket_big004634.jpg,1,2,0.65729886
bracket_big006430.jpg,1,4,0.9955168
bracket_big007838.jpg,1,7,0.61102813
bracket_big008228.jpg,1,4,0.9252534
bracket_big011230.jpg,1,4,0.5237195
bracket_big011420.jpg,1,2,0.74206865
bracket_big012823.jpg,1,2,0.763587
bracket_big012839.jpg,1,6,0.6722631
bracket_big019837.jpg,1,6,0.57704157
clamp_small000040.jpg,2,1,0.3733437
clamp_small000058.jpg,2,7,0.5133366
clamp_small000452.jpg,2,6,0.9175253
clamp_small001048.jpg,2,1,0.996068
clamp_small001052.jpg,2,7,0.621604
clamp_small001057.jpg,2,1,0.58995706
clamp_small001248.jpg,2,7,0.930753
clamp_small001446.jpg,2,7,0.61349314
clamp_small001649.jpg,2,6,0.6691232
clamp_small001844.jpg,2,7,0.816256
clamp_small001858.jpg,2,7,0.77858984
clamp_small002040.jpg,2,7,0.5217673
clamp_small002246.jpg,2,7,0.5217041
clamp_small002846.jpg,2,7,0.7559832
clamp_small003041.jpg,2,1,0.9150235
clamp_small003249.jpg,2,7,0.6572139
clamp_small003442.jpg,2,1,0.5529362
clamp_small003453.jpg,2,7,0.68494236
clamp_small003454.jpg,2,7,0.84206283
clamp_small003654.jpg,2,7,0.52369606
clamp_small003656.jpg,2,7,0.8513502
clamp_small003840.jpg,2,7,0.58660305
clamp_small003845.jpg,2,7,0.96873724
clamp_small003858.jpg,2,7,0.5101062
clamp_small004241.jpg,2,7,0.8280045
clamp_small004258.jpg,2,4,0.81897223
clamp_small004456.jpg,2,7,0.5233501
clamp_small004844.jpg,2,7,0.5012637
clamp_small004847.jpg,2,7,0.63320446
clamp_small005051.jpg,2,7,0.73968405
clamp_small005052.jpg,2,7,0.5712229
clamp_small005244.jpg,2,7,0.6152833
clamp_small005253.jpg,2,7,0.58440727
clamp_small005441.jpg,2,7,0.8954918
clamp_small005456.jpg,2,7,0.49967745
clamp_small005655.jpg,2,7,0.67979366
clamp_small005842.jpg,2,7,0.70661765
clamp_small006046.jpg,2,1,0.6220422
clamp_small006055.jpg,2,7,0.63947296
clamp_small006454.jpg,2,7,0.7982937
clamp_small006456.jpg,2,4,0.6670495
clamp_small006642.jpg,2,7,0.5908001
clamp_small006658.jpg,2,7,0.6111581
clamp_small006848.jpg,2,7,0.7424073
clamp_small006849.jpg,2,7,0.62992424
clamp_small006851.jpg,2,1,0.83362836
clamp_small007048.jpg,2,7,0.9515019
clamp_small007056.jpg,2,7,0.73241484
clamp_small007256.jpg,2,7,0.51129615
clamp_small007446.jpg,2,7,0.6745422
clamp_small008044.jpg,2,7,0.59710175
clamp_small008056.jpg,2,7,0.9465894
clamp_small008449.jpg,2,7,0.8100138
clamp_small008451.jpg,2,1,0.9296863
clamp_small009055.jpg,2,7,0.8915944
clamp_small009240.jpg,2,4,0.5464497
clamp_small009452.jpg,2,7,0.51735616
clamp_small010251.jpg,2,7,0.90462446
clamp_small010647.jpg,2,7,0.83110887
clamp_small010651.jpg,2,7,0.77162355
clamp_small010657.jpg,2,7,0.50138175
clamp_small010851.jpg,2,7,0.950411
clamp_small010856.jpg,2,7,0.87520045
clamp_small011042.jpg,2,1,0.63045615
clamp_small011044.jpg,2,7,0.6027778
clamp_small011049.jpg,2,7,0.927227
clamp_small011441.jpg,2,7,0.8992649
clamp_small012052.jpg,2,1,0.9992675
clamp_small012248.jpg,2,7,0.70087767
clamp_small012440.jpg,2,6,0.5456995
clamp_small012457.jpg,2,7,0.5039902
clamp_small013047.jpg,2,7,0.52557313
clamp_small013440.jpg,2,7,0.7274982
clamp_small013659.jpg,2,7,0.80242103
clamp_small014044.jpg,2,7,0.7130135
clamp_small014646.jpg,2,7,0.83496344
clamp_small015250.jpg,2,7,0.6784022
clamp_small015259.jpg,2,7,0.60251945
clamp_small015452.jpg,2,7,0.58905137
clamp_small015640.jpg,2,7,0.9994751
clamp_small016054.jpg,2,7,0.91226494
clamp_small016059.jpg,2,7,0.749658
clamp_small016257.jpg,2,7,0.961602
clamp_small016443.jpg,2,7,0.8767824
clamp_small016445.jpg,2,6,0.5074633
clamp_small016453.jpg,2,7,0.54569083
clamp_small016459.jpg,2,7,0.66875714
clamp_small016840.jpg,2,7,0.7564231
clamp_small017241.jpg,2,7,0.565931
clamp_small017645.jpg,2,1,0.56516314
clamp_small018042.jpg,2,1,0.64756346
clamp_small018059.jpg,2,7,0.925525
clamp_small018240.jpg,2,4,0.9999993
clamp_small018443.jpg,2,7,0.72427374
clamp_small018455.jpg,2,6,0.71031815
clamp_small018459.jpg,2,1,0.5301685
clamp_small018645.jpg,2,7,0.98904675
clamp_small019053.jpg,2,1,0.47367173
clamp_small019057.jpg,2,7,0.9257483
clamp_small019241.jpg,2,6,0.54139864
clamp_small019641.jpg,2,7,0.66556364
clamp_small019644.jpg,2,1,0.8497079
clamp_small019647.jpg,2,7,0.9960628
clamp_small019859.jpg,2,7,0.5668508
engine_part_cooler_round000868.jpg,3,4,0.99954087
engine_part_cooler_round002062.jpg,3,4,0.94301933
engine_part_cooler_round002073.jpg,3,1,0.79093754
engine_part_cooler_round002461.jpg,3,4,0.97173846
engine_part_cooler_round002862.jpg,3,4,0.9999715
engine_part_cooler_round004273.jpg,3,4,0.98353946
engine_part_cooler_round004868.jpg,3,4,0.95475185
engine_part_cooler_round009061.jpg,3,4,0.6198609
engine_part_cooler_round009663.jpg,3,4,0.7188396
engine_part_cooler_round009874.jpg,3,4,0.47602415
engine_part_cooler_round011271.jpg,3,4,0.61330664
engine_part_cooler_round011868.jpg,3,4,0.5552527
engine_part_cooler_round012472.jpg,3,4,0.66651696
engine_part_cooler_round013864.jpg,3,4,0.72426003
engine_part_cooler_round013865.jpg,3,4,0.80574715
engine_part_cooler_round014279.jpg,3,4,0.9986241
engine_part_cooler_round014463.jpg,3,4,0.8556364
engine_part_cooler_round014864.jpg,3,4,0.9968779
engine_part_cooler_round014878.jpg,3,4,0.8028811
engine_part_cooler_round015464.jpg,3,4,0.9999323
engine_part_cooler_round015865.jpg,3,4,0.9892686
engine_part_cooler_round015869.jpg,3,4,0.69885516
engine_part_cooler_round016476.jpg,3,5,0.5611331
engine_part_cooler_round019077.jpg,3,4,0.7837662
engine_part_cooler_square000083.jpg,4,1,0.6429334
engine_part_cooler_square000295.jpg,4,5,0.74844646
engine_part_cooler_square001085.jpg,4,3,0.9989606
engine_part_cooler_square001285.jpg,4,3,0.9858856
engine_part_cooler_square002892.jpg,4,5,0.6063801
engine_part_cooler_square004698.jpg,4,3,0.93123007
engine_part_cooler_square005099.jpg,4,7,0.87964016
engine_part_cooler_square005683.jpg,4,7,0.97947156
engine_part_cooler_square006288.jpg,4,5,0.78600365
engine_part_cooler_square006488.jpg,4,2,0.5147764
engine_part_cooler_square006687.jpg,4,5,0.45800966
engine_part_cooler_square007091.jpg,4,5,0.95032907
engine_part_cooler_square007485.jpg,4,3,0.71329117
engine_part_cooler_square008086.jpg,4,3,1.0
engine_part_cooler_square008696.jpg,4,1,0.9749467
engine_part_cooler_square009289.jpg,4,7,0.89012164
engine_part_cooler_square009697.jpg,4,5,0.7395183
engine_part_cooler_square010293.jpg,4,1,0.9975707
engine_part_cooler_square010695.jpg,4,1,0.92061037
engine_part_cooler_square011092.jpg,4,7,0.80547893
engine_part_cooler_square011283.jpg,4,7,0.9255923
engine_part_cooler_square011287.jpg,4,5,0.6109596
engine_part_cooler_square012090.jpg,4,1,0.988489
engine_part_cooler_square012697.jpg,4,7,0.95809966
engine_part_cooler_square013088.jpg,4,5,0.5059635
engine_part_cooler_square013093.jpg,4,1,0.6201592
engine_part_cooler_square013888.jpg,4,3,0.84461933
engine_part_cooler_square013895.jpg,4,7,0.85918856
engine_part_cooler_square013897.jpg,4,3,0.7302929
engine_part_cooler_square015089.jpg,4,3,0.94428885
engine_part_cooler_square015890.jpg,4,3,0.949449
engine_part_cooler_square016681.jpg,4,3,0.89258194
engine_part_cooler_square018281.jpg,4,1,0.99083793
engine_part_cooler_square018682.jpg,4,3,0.9855929
engine_part_cooler_square018690.jpg,4,5,0.7246456
engine_part_cooler_square018691.jpg,4,1,0.93791366
engine_part_cooler_square019091.jpg,4,1,0.75837266
engine_part_cooler_square019492.jpg,4,3,0.8225783
injection_pump000113.jpg,5,4,0.6734168
injection_pump000307.jpg,5,7,0.2911358
injection_pump000713.jpg,5,4,0.7735101
injection_pump000717.jpg,5,4,0.9915599
injection_pump000915.jpg,5,4,0.5392051
injection_pump001116.jpg,5,4,0.60965157
injection_pump001508.jpg,5,3,0.9978259
injection_pump001513.jpg,5,4,0.8046516
injection_pump001703.jpg,5,4,0.5962132
injection_pump001707.jpg,5,4,0.81473863
injection_pump002113.jpg,5,4,0.6797832
injection_pump002718.jpg,5,4,0.67464954
injection_pump003101.jpg,5,4,0.52557385
injection_pump003300.jpg,5,3,0.8726109
injection_pump003519.jpg,5,4,0.74456817
injection_pump004315.jpg,5,3,0.61531895
injection_pump004513.jpg,5,4,0.6420953
injection_pump004915.jpg,5,4,0.91628397
injection_pump005315.jpg,5,4,0.99999976
injection_pump005908.jpg,5,4,0.65473825
injection_pump005914.jpg,5,4,0.85474825
injection_pump006908.jpg,5,4,0.5609908
injection_pump006911.jpg,5,7,0.971401
injection_pump007104.jpg,5,4,0.8551336
injection_pump007111.jpg,5,4,0.7592107
injection_pump007308.jpg,5,4,0.98004556
injection_pump007917.jpg,5,3,0.7511926
injection_pump008106.jpg,5,3,0.8431344
injection_pump008107.jpg,5,4,0.6336
injection_pump008905.jpg,5,4,0.75259817
injection_pump009714.jpg,5,4,0.5746004
injection_pump010111.jpg,5,4,0.9658946
injection_pump010311.jpg,5,7,0.99823296
injection_pump010313.jpg,5,3,0.9493016
injection_pump010503.jpg,5,3,0.7587768
injection_pump010505.jpg,5,1,0.54678017
injection_pump010714.jpg,5,4,0.5493466
injection_pump011502.jpg,5,4,0.6723581
injection_pump012502.jpg,5,4,0.58543605
injection_pump012515.jpg,5,4,0.76512367
injection_pump013307.jpg,5,4,0.6150608
injection_pump013309.jpg,5,4,0.9638434
injection_pump013504.jpg,5,7,0.797216
injection_pump013519.jpg,5,4,0.34052125
injection_pump013903.jpg,5,4,0.7656018
injection_pump013919.jpg,5,4,0.82717925
injection_pump014115.jpg,5,4,0.8994648
injection_pump014906.jpg,5,3,0.6925575
injection_pump015112.jpg,5,4,0.5366248
injection_pump015310.jpg,5,4,0.7553539
injection_pump015707.jpg,5,4,0.9632399
injection_pump015711.jpg,5,4,0.7985696
injection_pump015905.jpg,5,4,0.7640114
injection_pump016116.jpg,5,4,0.51914084
injection_pump016302.jpg,5,4,0.5018725
injection_pump016306.jpg,5,3,0.5524178
injection_pump016308.jpg,5,4,0.54601574
injection_pump016702.jpg,5,7,0.80468935
injection_pump017103.jpg,5,7,0.5399504
injection_pump017319.jpg,5,7,0.8861674
injection_pump017511.jpg,5,7,0.8455725
injection_pump017514.jpg,5,7,0.99679995
injection_pump017714.jpg,5,7,0.950493
injection_pump017911.jpg,5,7,0.9962883
injection_pump018115.jpg,5,4,0.65882033
injection_pump018300.jpg,5,4,0.7998201
injection_pump018504.jpg,5,3,0.60922456
injection_pump018519.jpg,5,1,0.56148285
injection_pump018907.jpg,5,4,0.8590661
injection_pump019105.jpg,5,4,0.95773244
injection_pump019109.jpg,5,4,0.6922046
injection_pump019314.jpg,5,7,0.96819603
injection_pump019702.jpg,5,4,0.8047927
screw000133.jpg,6,2,0.95238036
screw000526.jpg,6,2,0.8614538
screw000923.jpg,6,2,0.72810423
screw000924.jpg,6,2,0.94787633
screw000929.jpg,6,2,0.83898777
screw000936.jpg,6,2,0.8691484
screw001123.jpg,6,2,0.51491565
screw001124.jpg,6,8,0.30353552
screw001128.jpg,6,7,0.5386209
screw001137.jpg,6,2,0.70467466
screw001324.jpg,6,2,0.8398992
screw001326.jpg,6,2,0.56206995
screw001330.jpg,6,2,0.8565642
screw001535.jpg,6,2,0.5697746
screw001927.jpg,6,2,0.7636194
screw001939.jpg,6,2,0.83537906
screw002138.jpg,6,5,0.9963086
screw002327.jpg,6,2,0.6501714
screw002337.jpg,6,8,0.62145513
screw002731.jpg,6,2,0.9214193
screw002925.jpg,6,2,0.72519183
screw002926.jpg,6,2,0.88506806
screw002939.jpg,6,2,0.7211193
screw003122.jpg,6,2,0.7111083
screw003137.jpg,6,7,0.9232629
screw003139.jpg,6,7,0.84749454
screw003338.jpg,6,2,0.8261896
screw003535.jpg,6,2,0.47957313
screw003536.jpg,6,2,0.5345207
screw003724.jpg,6,2,0.87364423
screw003735.jpg,6,2,0.695732
screw003929.jpg,6,2,0.9511427
screw003933.jpg,6,2,0.9866403
screw004326.jpg,6,2,0.8712127
screw004331.jpg,6,2,0.8574904
screw004335.jpg,6,2,0.99258244
screw004524.jpg,6,2,0.64454323
screw004527.jpg,6,7,0.71036667
screw004531.jpg,6,2,0.8952185
screw004722.jpg,6,2,0.8244649
screw004932.jpg,6,2,0.6232082
screw005139.jpg,6,2,0.89827436
screw005321.jpg,6,2,0.491168
screw005526.jpg,6,2,0.99082845
screw005722.jpg,6,2,0.9458355
screw005728.jpg,6,2,0.50135887
screw005731.jpg,6,0,0.9970849
screw005923.jpg,6,2,0.68426675
screw006129.jpg,6,2,0.5255871
screw006528.jpg,6,2,0.86359465
screw006539.jpg,6,2,0.51067036
screw006721.jpg,6,0,0.9938792
screw006727.jpg,6,2,0.7925389
screw006737.jpg,6,2,0.8449867
screw006927.jpg,6,2,0.9106219
screw006930.jpg,6,2,0.98652226
screw007332.jpg,6,7,0.45114043
screw007521.jpg,6,2,0.97308594
screw007522.jpg,6,2,0.7799274
screw007528.jpg,6,2,0.97833484
screw007537.jpg,6,0,0.9983279
screw007931.jpg,6,2,0.9412326
screw008127.jpg,6,2,0.99245644
screw008131.jpg,6,2,0.7026237
screw008134.jpg,6,2,0.58443236
screw008135.jpg,6,2,0.8795536
screw008137.jpg,6,7,0.5095854
screw008329.jpg,6,2,0.9952729
screw008523.jpg,6,2,0.4829074
screw008729.jpg,6,8,0.6070286
screw008927.jpg,6,2,0.947817
screw008931.jpg,6,7,0.7267849
screw008932.jpg,6,2,0.5943971
screw008939.jpg,6,2,0.9618779
screw009138.jpg,6,0,0.8939732
screw009325.jpg,6,2,0.5432657
screw009520.jpg,6,2,0.7858188
screw009521.jpg,6,2,0.40296954
screw009530.jpg,6,2,0.43143415
screw009534.jpg,6,2,0.5328655
screw009721.jpg,6,2,0.74171305
screw010121.jpg,6,2,0.5848291
screw010131.jpg,6,8,0.7004823
screw010526.jpg,6,2,0.604482
screw010734.jpg,6,2,0.5912288
screw010739.jpg,6,2,0.8358444
screw010924.jpg,6,2,0.9652762
screw010935.jpg,6,7,0.751963
screw011120.jpg,6,2,0.6464724
screw011130.jpg,6,2,0.5405868
screw011322.jpg,6,2,0.6260571
screw011325.jpg,6,2,0.78814876
screw011328.jpg,6,2,0.78840506
screw011329.jpg,6,2,0.9925409
screw011335.jpg,6,2,0.9985759
screw011521.jpg,6,2,0.7457103
screw011536.jpg,6,7,0.94112563
screw011724.jpg,6,2,0.51690835
screw011736.jpg,6,2,0.8821461
screw012123.jpg,6,2,0.5786065
screw012136.jpg,6,2,0.90968513
screw012324.jpg,6,3,0.9994023
screw012532.jpg,6,0,0.44477567
screw012721.jpg,6,2,0.9278826
screw012725.jpg,6,2,0.86502427
screw012739.jpg,6,7,0.74140567
screw012926.jpg,6,8,0.5697762
screw013137.jpg,6,2,0.75412434
screw013332.jpg,6,2,0.70270586
screw013522.jpg,6,8,0.9521166
screw013526.jpg,6,2,0.9953559
screw013722.jpg,6,2,0.4965201
screw013926.jpg,6,2,0.82986546
screw014321.jpg,6,2,0.8834388
screw014521.jpg,6,7,0.8878953
screw014525.jpg,6,2,0.96455806
screw014535.jpg,6,2,0.6708039
screw014537.jpg,6,2,0.73032725
screw014925.jpg,6,2,0.6886629
screw014932.jpg,6,5,0.8359611
screw014936.jpg,6,2,0.59221464
screw015133.jpg,6,2,0.53898925
screw015323.jpg,6,0,0.99263716
screw015331.jpg,6,7,0.7038463
screw015332.jpg,6,7,0.706047
screw015334.jpg,6,9,0.5722476
screw015535.jpg,6,2,0.7159923
screw015731.jpg,6,2,0.9332752
screw015735.jpg,6,8,0.9739619
screw015922.jpg,6,2,0.98857296
screw015924.jpg,6,2,0.82536024
screw015926.jpg,6,7,0.65051496
screw015936.jpg,6,7,0.59499836
screw016137.jpg,6,8,0.99377584
screw016531.jpg,6,2,0.81876427
screw016535.jpg,6,2,0.98511165
screw016721.jpg,6,7,0.68316126
screw016733.jpg,6,2,0.9711095
screw016735.jpg,6,2,0.777201
screw016924.jpg,6,2,0.99449545
screw016934.jpg,6,2,0.7695419
screw017129.jpg,6,7,0.4725817
screw017131.jpg,6,2,0.8176284
screw017323.jpg,6,2,0.5454196
screw017328.jpg,6,2,0.9555846
screw017338.jpg,6,2,0.54125345
screw017523.jpg,6,2,0.88620985
screw017524.jpg,6,2,0.97682524
screw017526.jpg,6,2,0.9639293
screw017724.jpg,6,9,0.46549296
screw017926.jpg,6,2,0.3837641
screw017927.jpg,6,2,0.9065208
screw018134.jpg,6,2,0.8740139
screw018325.jpg,6,7,0.91183406
screw018338.jpg,6,2,0.7936407
screw018521.jpg,6,9,0.96786624
screw018539.jpg,6,7,0.78253627
screw018721.jpg,6,2,0.9367606
screw018928.jpg,6,2,0.8648834
screw018936.jpg,6,2,0.77725136
screw019322.jpg,6,2,0.52908075
screw019329.jpg,6,2,0.98937374
screw019522.jpg,6,2,0.5447727
screw019731.jpg,6,2,0.9952861
screw019732.jpg,6,2,0.8248341
screw019933.jpg,6,2,0.9593791
screw019937.jpg,6,2,0.94433475
star000540.jpg,7,1,0.63423955
star000754.jpg,7,1,0.84949225
star001347.jpg,7,1,0.6147668
star001945.jpg,7,1,0.65941167
star001946.jpg,7,6,0.7603101
star001950.jpg,7,1,0.33084002
star002956.jpg,7,6,0.7210561
star003149.jpg,7,1,0.97031105
star004358.jpg,7,6,0.9959209
star004756.jpg,7,6,0.97988176
star006346.jpg,7,1,0.83337444
star006541.jpg,7,2,0.71672976
star007546.jpg,7,6,0.7426259
star007746.jpg,7,1,0.74294686
star008145.jpg,7,6,0.94759685
star009954.jpg,7,6,0.5212126
star010548.jpg,7,1,0.82388663
star011353.jpg,7,6,0.9135324
star011548.jpg,7,6,0.7395629
star012544.jpg,7,2,0.8169961
star012549.jpg,7,2,0.5505006
star012553.jpg,7,6,0.88893676
star013159.jpg,7,4,0.96506894
star015142.jpg,7,6,0.61504894
star015354.jpg,7,6,0.7176041
star015749.jpg,7,6,0.9950545
star016141.jpg,7,2,0.74747473
star017149.jpg,7,6,0.9959824
star017153.jpg,7,1,0.54505736
star017745.jpg,7,2,0.91925275
star019343.jpg,7,6,0.9696324
star019346.jpg,7,6,0.6281432
star019558.jpg,7,2,0.98270047
star019754.jpg,7,2,0.9668958
tee_connector000569.jpg,8,2,0.57281727
tee_connector000577.jpg,8,5,0.98094374
tee_connector000966.jpg,8,5,0.40338457
tee_connector001165.jpg,8,9,0.750114
tee_connector001168.jpg,8,0,0.69512796
tee_connector001361.jpg,8,2,0.77876866
tee_connector001363.jpg,8,5,0.5601405
tee_connector001368.jpg,8,9,0.47728217
tee_connector001566.jpg,8,2,0.7690623
tee_connector001571.jpg,8,9,0.85891306
tee_connector001776.jpg,8,7,0.42372876
tee_connector002173.jpg,8,0,0.65241635
tee_connector002178.jpg,8,6,0.6412378
tee_connector002370.jpg,8,6,0.947072
tee_connector002374.jpg,8,6,0.40346104
tee_connector002976.jpg,8,2,0.54152906
tee_connector003374.jpg,8,2,0.90091115
tee_connector003564.jpg,8,0,0.7773717
tee_connector004167.jpg,8,5,0.829838
tee_connector004566.jpg,8,5,0.83672047
tee_connector004766.jpg,8,5,0.9906781
tee_connector004769.jpg,8,6,0.6836078
tee_connector004772.jpg,8,5,0.7950994
tee_connector005170.jpg,8,5,0.7007529
tee_connector005365.jpg,8,5,0.8274956
tee_connector005369.jpg,8,5,0.67352265
tee_connector005374.jpg,8,4,0.59192747
tee_connector005565.jpg,8,1,0.39995998
tee_connector005760.jpg,8,1,0.93765545
tee_connector005778.jpg,8,5,0.3421696
tee_connector005963.jpg,8,5,0.5283736
tee_connector005973.jpg,8,0,0.3450466
tee_connector006370.jpg,8,2,0.8997659
tee_connector006375.jpg,8,6,0.8424814
tee_connector006562.jpg,8,2,0.6954162
tee_connector006563.jpg,8,5,0.8259453
tee_connector006571.jpg,8,2,0.4786221
tee_connector006576.jpg,8,5,0.739369
tee_connector006773.jpg,8,5,0.71168506
tee_connector006778.jpg,8,5,0.708356
tee_connector006967.jpg,8,5,0.8737477
tee_connector006971.jpg,8,9,0.5027072
tee_connector007363.jpg,8,2,0.8993954
tee_connector007964.jpg,8,4,0.7807944
tee_connector007975.jpg,8,9,0.9938286
tee_connector008173.jpg,8,2,0.59027535
tee_connector008573.jpg,8,2,0.90792084
tee_connector008763.jpg,8,6,0.6134175
tee_connector008771.jpg,8,9,0.55214024
tee_connector008772.jpg,8,6,0.61298007
tee_connector008774.jpg,8,5,0.85514295
tee_connector008969.jpg,8,6,0.5268105
tee_connector009166.jpg,8,2,0.5499191
tee_connector009167.jpg,8,2,0.65793043
tee_connector009171.jpg,8,9,0.76090556
tee_connector009177.jpg,8,5,0.9987048
tee_connector009377.jpg,8,0,0.778943
tee_connector009577.jpg,8,0,0.54398286
tee_connector010573.jpg,8,5,0.6152537
tee_connector010764.jpg,8,9,0.9712635
tee_connector010968.jpg,8,5,0.616504
tee_connector011170.jpg,8,1,0.3297255
tee_connector011171.jpg,8,9,0.6446819
tee_connector011973.jpg,8,0,0.8864091
tee_connector011977.jpg,8,1,0.36746264
tee_connector012369.jpg,8,4,0.9052932
tee_connector012565.jpg,8,0,0.9877907
tee_connector012569.jpg,8,0,0.5663159
tee_connector012971.jpg,8,0,0.6087128
tee_connector012972.jpg,8,5,0.59723157
tee_connector013363.jpg,8,6,0.84739906
tee_connector013373.jpg,8,5,0.70138425
tee_connector013564.jpg,8,4,0.64265144
tee_connector013567.jpg,8,4,0.79198724
tee_connector013577.jpg,8,5,0.5810444
tee_connector013972.jpg,8,2,0.87842035
tee_connector014162.jpg,8,2,0.8934141
tee_connector014375.jpg,8,9,0.7002085
tee_connector014763.jpg,8,6,0.6570722
tee_connector014768.jpg,8,5,0.75248224
tee_connector014770.jpg,8,6,0.77179044
tee_connector014771.jpg,8,6,0.8606606
tee_connector014977.jpg,8,4,0.49267298
tee_connector015362.jpg,8,2,0.82857513
tee_connector015363.jpg,8,2,0.50899297
tee_connector015372.jpg,8,4,0.8998617
tee_connector015378.jpg,8,5,0.9579422
tee_connector015563.jpg,8,9,0.5895955
tee_connector015579.jpg,8,6,0.88771963
tee_connector015764.jpg,8,9,0.46822584
tee_connector016162.jpg,8,5,0.7722834
tee_connector016369.jpg,8,0,0.8495339
tee_connector016572.jpg,8,6,0.41906452
tee_connector016761.jpg,8,9,0.9587457
tee_connector016770.jpg,8,5,0.9450871
tee_connector017162.jpg,8,9,0.9956768
tee_connector017771.jpg,8,6,0.51423794
tee_connector018162.jpg,8,5,0.9010572
tee_connector018175.jpg,8,5,0.95707285
tee_connector018572.jpg,8,2,0.6914125
tee_connector018771.jpg,8,0,0.8547021
tee_connector018972.jpg,8,9,0.52380687
tee_connector019162.jpg,8,6,0.5363764
tee_connector019372.jpg,8,9,0.5560867
tee_connector019373.jpg,8,4,0.77689457
tee_connector019572.jpg,8,5,0.7266009
tee_connector019575.jpg,8,0,0.8941681
tee_connector019773.jpg,8,5,0.3301132
thread000191.jpg,9,2,0.99709487
thread000194.jpg,9,5,0.6580436
thread000197.jpg,9,2,0.99475086
thread000389.jpg,9,5,0.8841312
thread000589.jpg,9,2,0.9281827
thread000993.jpg,9,4,0.49991375
thread001189.jpg,9,2,0.86155254
thread001197.jpg,9,5,0.58433205
thread001385.jpg,9,3,0.43502572
thread001783.jpg,9,5,0.88940346
thread001784.jpg,9,5,0.9648846
thread001799.jpg,9,2,0.97122383
thread001982.jpg,9,2,0.9071905
thread002180.jpg,9,1,0.6161208
thread002195.jpg,9,1,0.38585854
thread002197.jpg,9,1,0.60784715
thread002198.jpg,9,5,0.8665631
thread002392.jpg,9,7,0.77154005
thread002397.jpg,9,1,0.9170286
thread002583.jpg,9,4,0.83878547
thread002588.jpg,9,2,0.92969763
thread002599.jpg,9,2,0.46410918
thread002790.jpg,9,1,0.7748115
thread002980.jpg,9,5,0.51547587
thread002985.jpg,9,2,0.563891
thread003384.jpg,9,7,0.9025995
thread003386.jpg,9,8,0.51445293
thread003398.jpg,9,1,0.858406
thread003781.jpg,9,2,0.73272014
thread003784.jpg,9,3,0.96616346
thread003797.jpg,9,4,0.6312006
thread003991.jpg,9,2,0.7227947
thread004182.jpg,9,2,0.5728277
thread004190.jpg,9,2,0.9585959
thread004581.jpg,9,5,0.7734477
thread004593.jpg,9,4,0.55133647
thread004596.jpg,9,0,0.4065355
thread004789.jpg,9,1,0.99989545
thread004998.jpg,9,1,0.88090324
thread005796.jpg,9,2,0.5435033
thread005980.jpg,9,0,0.3586423
thread005982.jpg,9,1,0.631825
thread005988.jpg,9,0,0.3741653
thread005994.jpg,9,0,0.5558697
thread005998.jpg,9,5,0.69932866
thread006186.jpg,9,2,0.97004783
thread006194.jpg,9,2,0.9470649
thread006395.jpg,9,3,0.8372529
thread006789.jpg,9,0,0.3722002
thread006795.jpg,9,5,0.41334715
thread006993.jpg,9,1,0.58271736
thread007380.jpg,9,2,0.96000224
thread007395.jpg,9,2,0.7504846
thread007581.jpg,9,5,0.8642602
thread007585.jpg,9,2,0.91299856
thread007588.jpg,9,1,0.992926
thread007589.jpg,9,2,0.96496445
thread007595.jpg,9,2,0.57786006
thread007799.jpg,9,1,0.75830626
thread007980.jpg,9,1,0.98004967
thread007989.jpg,9,0,0.40566397
thread007993.jpg,9,2,0.96414584
thread008189.jpg,9,0,0.81523883
thread008199.jpg,9,2,0.9783257
thread008382.jpg,9,2,0.752584
thread008582.jpg,9,1,0.5436531
thread008596.jpg,9,2,0.75822383
thread009784.jpg,9,1,0.7278712
thread009795.jpg,9,1,0.7369388
thread009993.jpg,9,1,0.5699724
thread009996.jpg,9,4,0.88234264
thread010185.jpg,9,2,0.5262171
thread010380.jpg,9,7,0.815229
thread010381.jpg,9,1,0.89015585
thread010384.jpg,9,0,0.64749837
thread010385.jpg,9,0,0.7608559
thread010392.jpg,9,6,0.8646409
thread010582.jpg,9,0,0.7544194
thread010585.jpg,9,2,0.63769513
thread010589.jpg,9,5,0.88960767
thread010593.jpg,9,4,0.5017566
thread010988.jpg,9,1,0.69310534
thread010989.jpg,9,5,0.94076025
thread010993.jpg,9,2,0.9683879
thread010999.jpg,9,1,0.8076323
thread011181.jpg,9,5,0.60686415
thread011380.jpg,9,2,0.7317426
thread011393.jpg,9,1,0.8973156
thread011398.jpg,9,1,0.67685765
thread011787.jpg,9,1,0.98491794
thread011987.jpg,9,4,0.61856675
thread012386.jpg,9,5,0.87140334
thread012397.jpg,9,2,0.9823733
thread012398.jpg,9,2,0.98725647
thread012596.jpg,9,2,0.697783
thread012984.jpg,9,5,0.9190617
thread013199.jpg,9,1,0.49491563
thread013382.jpg,9,2,0.9064277
thread013395.jpg,9,2,0.8017654
thread013583.jpg,9,2,0.74943846
thread013982.jpg,9,2,0.68914616
thread013998.jpg,9,5,0.6940572
thread014383.jpg,9,4,0.76745707
thread014588.jpg,9,2,0.86784387
thread014793.jpg,9,2,0.9905697
thread014980.jpg,9,3,0.6522496
thread014982.jpg,9,5,0.9260045
thread015194.jpg,9,5,0.7713257
thread015593.jpg,9,0,0.43661973
thread015784.jpg,9,4,0.5205944
thread015788.jpg,9,5,0.44621077
thread015798.jpg,9,5,0.5759144
thread015984.jpg,9,5,0.7891872
thread015996.jpg,9,4,0.933064
thread016383.jpg,9,5,0.5000501
thread016399.jpg,9,1,0.47371122
thread016585.jpg,9,2,0.46342766
thread016787.jpg,9,0,0.8033707
thread016981.jpg,9,4,0.39366907
thread016983.jpg,9,2,0.41941684
thread016986.jpg,9,5,0.7079933
thread017381.jpg,9,3,0.95835656
thread017398.jpg,9,2,0.687189
thread017586.jpg,9,1,0.9826995
thread017795.jpg,9,2,0.9284118
thread018384.jpg,9,1,0.9963613
thread018586.jpg,9,4,0.64905226
thread018591.jpg,9,5,0.29414326
thread018594.jpg,9,2,0.8887672
thread018783.jpg,9,0,0.7721462
thread018796.jpg,9,2,0.6242332
thread019581.jpg,9,0,0.5966583
thread019589.jpg,9,5,0.5589146
thread019592.jpg,9,2,0.69501024
thread019781.jpg,9,5,0.7617105
thread019785.jpg,9,1,0.9576746
thread019795.jpg,9,1,0.9998193
thread019988.jpg,9,4,0.78956515
thread019992.jpg,9,2,0.8579483
